"group","var1","var2","vcov","sdcor"
"leaves","intercept",NA,0.0125992179865339,0.112246238184332
"leaves","precip",NA,0.0494919402317212,0.222467840893288
